chr1,AC:CM002885.2,gi:1193823987
chr2,AC:CM002886.2,gi:1193823986
chr3,AC:CM002887.2,gi:1193823985
chr4,AC:CM002888.2,gi:1193823984
chr5,AC:CM002889.2,gi:1193823983
chr6,AC:CM002890.2,gi:1193823982
chr7,AC:CM002891.2,gi:1193823981
chr8,AC:CM002892.2,gi:1193823980
chr9,AC:CM002893.2,gi:1193823979
chr10,AC:CM002894.2,gi:1193823978
chr11,AC:CM002895.2,gi:1193823977
chr12,AC:CM002896.2,gi:1193823976
chr13,AC:CM002897.2,gi:1193823975
chr14,AC:CM002898.2,gi:1193823974
chr15,AC:CM002899.2,gi:1193823973
chr16,AC:CM002900.2,gi:1193823972
chr17,AC:CM002901.2,gi:1193823971
chr18,AC:CM002902.2,gi:1193823970
chr19,AC:CM002903.2,gi:1193823969
chr20,AC:CM002904.2,gi:1193823968
chr21,AC:CM002905.2,gi:1193823967
chr22,AC:CM002906.2,gi:1193823966
chr23,AC:CM002907.2,gi:1193823965
chr24,AC:CM002908.2,gi:1193823964
chr25,AC:CM002909.2,gi:1193823963
