chr1,AC:CM000663.2,gi:568336023,LN:248956422
chr2,AC:CM000664.2,gi:568336022,LN:242193529
chr3,AC:CM000665.2,gi:568336021,LN:198295559
chr4,AC:CM000666.2,gi:568336020,LN:190214555
chr5,AC:CM000667.2,gi:568336019,LN:181538259
chr6,AC:CM000668.2,gi:568336018,LN:170805979
chr7,AC:CM000669.2,gi:568336017,LN:159345973
chr8,AC:CM000670.2,gi:568336016,LN:145138636
chr9,AC:CM000671.2,gi:568336015,LN:138394717
chr10,AC:CM000672.2,gi:568336014,LN:133797422
chr11,AC:CM000673.2,gi:568336013,LN:135086622
chr12,AC:CM000674.2,gi:568336012,LN:133275309
chr13,AC:CM000675.2,gi:568336011,LN:114364328
chr14,AC:CM000676.2,gi:568336010,LN:107043718
chr15,AC:CM000677.2,gi:568336009,LN:101991189
chr16,AC:CM000678.2,gi:568336008,LN:90338345
chr17,AC:CM000679.2,gi:568336007,LN:83257441
chr18,AC:CM000680.2,gi:568336006,LN:80373285
chr19,AC:CM000681.2,gi:568336005,LN:58617616
chr20,AC:CM000682.2,gi:568336004,LN:64444167
chr21,AC:CM000683.2,gi:568336003,LN:46709983
chr22,AC:CM000684.2,gi:568336002,LN:50818468
chrX,AC:CM000685.2,gi:568336001,LN:156040895
chrY,AC:CM000686.2,gi:568336000,LN:57227415
